8,100,GCGGAAACCGCA,((((...)))).
1,100,GGGCGAAAAAACGCCC,(((((......)))))
15,86,CCCGCAAAAAGCAAGCAAAAAAAAAGCGGG,(((((.....))..((.........)))))
11,100,CCGCGCACGGGCGCCAAAAGGCGCACCAGAGCGCGG,((((((.((((((((....))))).)).).))))))
3,100,GGCGCGAGCCCAAAAGGGCCGCAGCCAAAAAAAAAA,((((((.((((....))))))).)))..........
23,100,CCAAAAGGAGCGAAAGC,((....)).((....))
10,100,AAAAAAAAAAGCGCAAAAGCGCGGCGAAAACGCCCGCCAAAGGCG,..........((((....))))((((....))))((((...))))
20,95,CCCGGGAAAAGGGACCCUCCGAAAACGGAGGGCCUUCCCGGG,(((((((.(.(.(.(((((((....)))))))))))))))))
26,100,AACCGCGGCCAAAAAGGACCGCGGAA,..((((((((.....)).))))))..
27,100,AAAAAGCGGGACACACGAGAGGGGCGGUCAAAAGACCGCCCCCCGGGCCCGCAAAAA,.....(((((.(.(.((.(.(((((((((....))))))))))))))))))).....
18,100,CCGGCGAAAAAGGCAAAACCCAAACGCGCAAAAAAAAAAAAAGCGCGAAAAGGGAAGCCAACGCCGG,((((((.....(((....(((...(((((.............)))))....)))..)))..))))))
25,100,GCCAAAAACCCAAAAACGCAAAAACCCAAAAAGGCAAAAAAAAGCCAGGGAGCGAGGGAGGC,(((.....(((.....(((.....(((.....(((........))).))).))).))).)))
13,100,CCGGGGUCCCGCUGGAGCCGCGACGGAAACCGUCGAAAACGGCUCCAAAAAGCGGGGAAAACCCCGG,((((((((((((((((((((((((((...))))))....)))))))....))))))....)))))))
30,100,AGAGGGGGCCGCAAAGCGGCAAAACCCCUCA,.(((((((((((...)))))....)))))).
33,82,AAAAAAAGACAUACGCAGGAGCAAAAAAUAGCGCCAGGGGAAGAC,.......(.(.(.(.(.((.((.(....).)).)).).).).).)
14,100,AAAAAGCAAAGCAAAAGCAAAGGAAAACCAAAGGAAAACCAAAGGAAAACCAAACCAAAAGGAAACCAAAAGGAAAGCAAAAAAAAAAAAAAAAAAAA,.....((...((....))...((....))...((....))...((....))...((....))...((....))...))....................
5,94,GAGACAACCCGGUAAAAACCGGGAAGACAAAAAAGCACAACGCAAGGGGCGGCAAAAGCCGCAAAACCCUGCGGUGCAACGCCGCGGAGAACCGCGGCGAA,..(.(..((((((....))))))..).)......((((..(((.(((((((((....)))))....)))))))))))..((((((((....))))))))..
16,96,GAAAAAAAAAAAGCAAAAGCAAACGGAACCAAAAGGAACCAAACCAAAAGGAAAGGAACCAAAAGGAAACGAAGGAAAACCAAAAAAAAAAAAAAAAAAAAAGAA,............((....))...((...((....))..((...((....))...))..((....))...))..((....))........................
19,100,AAAAAGGGCAUCGCGAAAACGACGAACGGACCAAAAAUGGCCGAGGCUGGAAAACCAAGCCAGGCGCAAAAGCGACCGCCCAAAAAAAAAAAAAAAAAAAAAAA,.....((((.(((((....)).))).(((.(((....)))))).((((((....)).)))).(((((....))).)))))).......................
21,100,AAAAACCCCGCGCAAAAGCGCUCCCACCCCAAAAGGGGCCCGGAAAACCGGGAGGACAAAGGUCCGGGAGGGGAAAACCCCGGGGAAAAAAAAAAAGAAAAAAGA,.....((((((((....))))((((.((((....))))(((((....))))).((((....))))))))((((....))))))))....................
17,96,AAAAAGCAAAACCAAAAGGAAAAGGAAAACCAAAAGCAAAAGCAAAAUCAAAAGAAAAACCAAAAGGAAAAGCAGAAGCAAAAGCAAAAAAAAAAAAAGAAAAAA,.....((....((....))....((....))....((....))....((....))....((....))....((....))....))....................
40,100,AAGGCCGCGGAAAAACCGCCGGCAAAAAGCCGGGCCAA,..((((((((.....))))((((.....))))))))..
41,88,GCAAAAGCACCAAAAGGAGCAAAAGCACCGAAAGG,((....)).((....)).((....)).((....))
24,98,AAAAAGAGCGGAGCCCGGAAGAAAAACCGGGAAACGACGGAACGGGAAAAACCCGUACGCCAAAAGGCGACCGCGUAACCGCACAAAAAAAAAAAAAAAAAAAA,.....(.((((..(((((........)))))..(((.(((.(((((.....))))).((((....)))).))))))..)))).)....................
34,100,AAAAAGGCCACGGGCAAAAGCCCGACGUAAAAACGAGGACCAAAAGGCGAUCCAAAAGGAAGGGAAAACCCACGCCAAAAAAAAAAAAAAAAAAAA,.....((((.(((((....))))).(((....))).)).))....((((.(((....))).(((....))).))))....................
29,98,AAAAACCCGGCGCAACGGCAAAAGCCGAAGCGCACGCGAAAAAAUAACGCGACCCGAAGAAGGCAAAAAGCCGACAACGGGCGGGAAAAAAAAAAAAAAAAAAAA,.....((((((((..((((....))))..)))).((((..(...)..)))).((((..(..(((.....)))..)..))))))))....................
31,100,AAAAACCCGACCAGGGACCGAGUCGUAGCACACCGCACGAGCAGGACGACGACCAAAAAGGCGCGCCGCCGGCGGGUGCACGACCGGCCCUGGCGGGAAAAA,.....((((.((((((.(((.(((((.((((.((((.((.((.((.((.((.((.....)))))))))))))))))))))))))))))))))))))).....
45,100,GCGGCGCCCAAAAGGGCCGGGGAAAGCCCCGGGGCCAAAAGGCCCGCGCAAAAGCGCGCCGCA,(((((((((....))))(((((....)))))(((((....)))))((((....))))))))).
44,96,AAAAAGGCAGGGCCAAAAGGGCCCGCGACGAAAACGCGCAGCCAAUAAAAAAAAAAAAAAAAA,.....(((.(((((....)).)))(((.((....))))).)))....................
47,100,GCCCAAAAAAGCCGCAAAGCGACCAAAAGGAAAAAAAAAGCGAAAAGGGC,((((......(((((...))).((....)).........)).....))))
2,100,GCCCGUGAAAAGGGAAAAAAAAAAACCCGGGCGGCGAACGCCGGCCGGCCCCCGGGCAAAGCGCGAAAAAACGCGCAGCCCGGAGGGCCGGCCGGCGAACGCCGCCCAACACGGGC,(((((((....(((...........)))((((((((..(((((((((((((((((((...(((((......))))).)))))).)))))))))))))..))))))))..)))))))
43,97,AAAAAGGCGCAAGAAAGCAACGGAAGCCAAGCAGGGAAACCAGCAGGCACCGAGCAUCAGCGCCGAAAAAAAAAGAAAAAAAAAA,.....(((((..((..((..(((..(((..((..((...)).)).))).))).)).)).))))).....................
37,94,AAAAAGCAGGGAGCCCCAGGGAAAACCCCCGAAAACGGGGGAAAAACCCGGGAAAACCCGGGAAAACCCAGGGGCAACCAGCAAAAAAAAAAAAAAAAAAAAA,.....((.((..(((((.(((....)))(((....)))))).....((((((....)))(((....))).)))))..)).)).....................
52,92,ACCAAAAAAGCAAAAAAGCAAAAACCCAAAAAAGGAAAAAACCAAAAAAGGAAAAAACCAAAAAAGGAAAAAGGGAAAAA,.((......((......))......((......((......))......((......))......))......)).....
57,63,GCACAAGGCAAAAGAGAAAACACAAGAGAAAACAGC,((.(..(.(....).(....).)..).(....).))
32,100,AAAAAAAAAAAAAAAAAAAAAAAAAAAAACCCCAAAAAACCAUAAAGCCGCAGACCCCAACCACACGCCAAAAAGGACGAGUAGGAAGGAGGAAAGCAGGAAAAGAUAGGAAAAAAGGAGGA,.............................((((......((((....((((...((((..((((.((((.....)).)).)).))..)).))...)).)).....)).))......)).)).
46,91,AAAAACGCGGCGGCGCGAAAACGCGAUCUAAAAAGAUCCGCACAGGCCGAAAACGGCCGGCAAAAGCCGCUGUCGCGAAAAAAAAAAAAAAAAAAAA,.....((((((((((((....))))((((....))))))))((((((((....))))((((....))))))))))))....................
49,92,AAAAACCGAGAAGAGCCGCGGGGGAGGAAACCCCACCGCGCGCGGAAACCGGCGCAACCGAAACGGAAAGGCACAACGCGGAAAAAAAAAAAAAAAAAAAG,.....(((.(..(.(((((.((((.((...)))).))))((((((...)).))))..(((...)))...))).)..).)))....................
48,92,AAAAAGGCCCCGGAAACCGGAGGGAUCGCAAAGCGAAAGACCAAAGGUCAAUCGCAAAGCGAUCCCAGGCCAAAGGCCGGCCAAAAAAAAAAAAAAAAAAAA,.....((((((((...)))).((((((((...))))..((((...))))..((((...)))))))).((((...))))))))....................
59,97,AAAAACCCGGCAUGCGCGCGGAAACGCGCGCAAGCGACCCGGGUGAAAACACCCGGGUCCGGGAAAAA,.....((((((.((((((((....))))))).)))((((((((((....)))))))))))))).....
54,100,CGCUCCCGCAAAAGCGGGCCGGGAAAACCCGGGGGCCAAAAGGCCCGGCACAAAAGUGCCGCCUCAAAAGAGGCCCGCCAAAAGGCGGAGCG,(((((((((....)))))(((((....)))))(((((....)))))(((((....)))))(((((....)))))(((((....)))))))))
62,84,GGGACCAGGGGGAGGGAAAAACGAAACGAAUUGCCACCAACCAAGGAAAACCA,.((.((.((.((..((..((.((...))..)).)).))..))..))....)).
65,92,AGGGCAAAAAAAAAUGCGGAAAACCGCAAGCCCAAAAAAA,.(((((........)((((....))))..)))).......
61,82,AAAAAGCGGGACCGAAGGACCAAAGGAAACCGCACGACGAGCAAAGCACGAAACGAAACGCGAAAAA,.....((.((.((...)).((...))...)))).((.((.((...)).((...))...)))).....
66,88,ACCAGGAGGAAGGAGAAACACCGCCAACCAAAAGGG,.((.((.((..((.(...).)).))..))....)).
35,95,ACGGAGCCAAAGGGACGGAAACCGAGCGAAAACGCACCCAAAGGCAGCGGAAACGCAGCCAAAGGCAGCCAAACCGACCCAAAAGGGAGGGAAACCCACGGAAAGGCAGGCAAAGCCACCGAA,.(((.(((...(((.(((...))).(((....))).)))...(((.(((....))).(((...))).)))...(((.(((....))).(((...))).)))...))).(((...))).)))..
67,96,AAAAAACAAAAAAAAACCGCAAAAAGCGGAAAAAAAAAGAAAAAAAAAAAAAAAAAAAAAA,......(.........((((.....)))).........)......................
50,90,AAAAAGCCGACGGUGAAAACAAAAACCGACGCAAAAGCGACGAGCAAAACCCCAUCCAAAAGGAAGAACCGGAAACGGAGGAAGGAAAAAAAAAAAAAAAAGAAG,.....((((.(((((....))....))).(((....))).)).))....((((.(((....)...)).(((....))).))..))....................
42,90,AAAAACCGCACCCCAAAAAGCGAAAAUCGCAGGGGAAGUCCAAGGCGCGAAACGCAAAGCCUGGGGAAAAUCCAAACCAGGGAAAAGGCGAACCCAAAAGGGAGCCAGCGGAAAAG,.....((((.((((.....((((...)))).))))...(((..((((((...)))...)))((((((...)))...))).)))...(((...(((....))).))).)))).....
55,100,AAAAAGGACCCCCCCAAAAGGGACGAAAACGCCAGCCAAAAGGGCACCCGCUAAAAAAAGCAAAGGGGGCGCGUGGGAGUCCAAAAAAAAAAAAAAAAAGAA,.....((((((((((....)))(((....((((.(((.....))).((((((......)))...))))))))))))).))))....................
72,97,AAGGCCCGGCGAAAAAACAGGCGGGAAAACCCGCCAGCCGGCGAAAACGCCGGCAGAAAAAAAGCCGGGCCAA,..((((((((.......(.((((((....)))))).(((((((....))))))).).......))))))))..
75,97,AAAAAAGCCAAAAAACGCCAAGAAAACCGAAAAAAAACGGAGAACAAAAAGGCGAAAAAAAGGCAAAAAAAAAAA,......(((......((((..(....(((........)))....).....)))).......)))...........
71,90,AAAAGGAAAACCAAAAGCAAAAGCAACCAACGAAACGAAGGAAAAGCAAAAAAGCAAAAAAAGGGAAAAAAAACCAAAAAAAAAAAAA,....((....((....((....((..((..((...))..))....))......)).......)).........)).............
60,94,AAAAACCGCACGAAGAAGGCAAACGGAAGGACCCCACCACGGAAAACCGGGAGGGGGCGCUCCGAAAAUAGCCUACAAAGAGCGGAAAAAAAAAAAAAAAAAAAA,.....((((.(...(.((((.(.((((.((.((((.((.(((....))).).)))))).)))))....).)))).)...).))))....................
88,94,AAAAGCCGGGCUACGAAAGAAGACACCGGCAAAA,....((((((((.(....)).).).)))))....
58,100,UCGUAGACGACCCAAAAGGGAGCCAAAAGGCACCGAAAACGGACCCAAAAGGGAGCGAAAACGCGGGCGGAAGCCACGUCAGGGGUAAAAAAACCCCGGGAAAACCCACGA,((((.((((.(((....))).(((....))).(((....))).(((....))).(((....))).(((....))).)))).(((((......)))))(((....)))))))
64,96,GGAAAGCAAAAGGAAAAACCAAAAAAAAAGCGAAAAAAAAAAAAAAAAAAAAAAAAAAAAAGCAAAAAAAGAAAAAAAGGGAAAAAAAACCAAAAAAAGCAAAACCAAAA,((...((....((.....((.........((..............................))...............)).........)).......))....))....
77,98,AAAAAGCGGCGGGCCUGCAAAAGCAGAGCCGCCUUGGGAACAGCAAAAGCUGAAGCGCGAAAAAACGCGCAACCGAAGGCGCCGCAAAAAAAAAAAAAAGAAAAA,.....(((((((.(((((....)))).)))(((((.((..((((....))))..(((((......)))))..)).))))))))))....................
79,90,AAAAAAGAGGGGAGGUCAAAAGAAAACCGAGAAAACACGGUAAACGACCAAAGAAAAAAGCGCAAAAGCGCCUACCCCACAAAAGAAAAAAAAAAAAAAAA,......(.((((.((((....(...((((.(....).))))...)))))..((......((((....)))))).)))).).....................
87,91,AAAAGCGCCGGCAAAACCAAUAAAAAAAAAAAAAAGAAAAAAAGGAAAGGAAAACCAAAGCAAAAGCAAAAAAAACCAAAAAAGGGCCGGCGCAAGA,....((((((((....((..(...................)..((...((....))...((....))........))......))))))))))....
84,94,AAAAACGGGCCCCUCAAAAGAGUCGAAAACCCGGGCCAAAUCCAAAAAGGAGGCCGGAAAAAAAUCCGCGGGCGAGGGGGCCCGAAAAAAAAAAAAAAAAAAAA,.....((((((((((....)))(((....((((((((...(((.....)))))))(((......))).))))))))))..))))....................
89,91,AAAAAAGGGCCAACCAACAAGGAGCAGCAAAAGCGCGACAAAGACCGACUAAAAAGAAGGAACAAAGAGGAAGGCCAAAAAAAAAAAAAAAAAAAAA,......((.((..((..(...(.((.((....))))..)...(.((..((....))..))..)...).))..)))).....................
95,91,AAGGGGCGGCGGCCCAAAAGGGCCCGGGUAAAAACCCGGCCAGGACGUCAAAAGACGUCGGCGGAAACGCCGCCUGCCCCAA,..(((((((((((((....)))))(((((....))))))))((((((((....)))))(((((....)))))))))))))..
36,98,AAAAACGGCCCUAAACCCAAAAGCCAAAACCCCAAAAAAAAACCCGCAAAAAAAAAAAAGCGGGAAAGGGGAGAAGCGCAAAAAAAGAAGCGCAAAUGGCAAACCAAAAAAAAAUGGAAAUGGGAGGGAAGAAGCCAAAAGGGCCGAAAGA,.....(((((((...((((...((((...((((.........(((((............)))))...))))....((((..........))))...))))...(((........)))...))))..((......))...))))))).....
92,74,AAAAAAAGCGGGAACAAAGUAGGAAACCAAACCGCAGCACCAGCAAAGCAGGAAGCCAAAGGGCAGCACGAGCAGAGCGCGAAACGAAACGGCAAAAAAG,.......((.((.((...)).((...))...)))).((.((.((...)).((...))...)))).((.((.((...)).((...))...)))).......
83,86,AAAAACACCACGGACCAAAAGGCCAAAAGGACCGACCGACCAAAAGGGCAAAAGCACGGACCCAGCAAAAGCACAAAAGUAGGGACGGAGGAAAACCCCAAAAGGACCGAGGUGAAAAA,.....((((.(((.((....))((....)).))).(((.((....))((....)).))).(((.((....))((....)).))).(((.((....))((....)).))).)))).....
93,100,AAAAAAAAGGGGCGGGGGCAAAGGCCCAGCGCGAAAACGCGAAGGCGGAAACGCCCCGCCCCAACCCGGGCAAAGCCCAAGCCCAAAGGGCAACCGAAAAUCGGGGGAAAAAAAAA,........(((((((((((....))))..((((....))))..((((....)))))))))))..(((((((...))))..((((...))))..((((...))))))).........
39,100,GCCGGAGGGCGCAGGCCGCACCCCCCACUACCCAGCCAGAAAAAGGCCGCAAAAAAGCGGCCAUCUGGCAGCCCCAAAGAGGCGUAAAACGCCUCGGGGCAGGGUAGACUCGGGCACCCCAAAGGGGUGCAAACCGAGAGGGGGGAAAAGCGGCCAAAAGCGCCCGAAACCGGC,(((((.((((((.((((((.((((((.((((((.((((((....((((((......)))))).)))))).(((((...(((((((...)))))))))))).)))))).((((((((((((...)))))))...))))).))))))....))))))....))))))....)))))
4,95,GCUGCGCGCCCCGCAGAGGGAAAAAAAAGAAAAGGGAGUGUCCGGAAAGGGGGGGCGAAGGGGAGCGGGCGAGGAAAAGAAACCUCGCCCGCAAAAUCCCGCCCAAAACCCCGGGAAAACACUAAAGCCGCGGAAAAAACGCGGCCCCUAAAGAAAAAAAAUCCCUCGGCGGAAAAGGCGCGAAACAGCAAA,((((((((((((((.((((((...........((((((((((((.....((((((((....(((((((((((((........))))))))))....))))))))....))))))....)))))...((((((.......))))))))))............)))))).))))....))))))...))))...
70,93,AAGUGGGCCCAAAAUGAAGAAACCCCAGGAACCGGCCAACCAAGGGACGAAACGACCAAGGGGGAGGGACCAGGGAUCACAGGGCCCAAAAAAAAACCGCGAGAAAAACAAGGAAAGAGAGGAAGGGAGUAAGCAACGAGGGAAACCACGAAGCAACGCCGACCAUCUACCAGUCUCGCGGGAA,...(((((((....((..((..(((..((..((..((..((..((..((...)).))..)).)).))..)).))).)).)))))))))........(((((((....((..((..(((..((..((..((..((..((..((...)).))..)).)).))..)).))).)).)))))))))...
69,95,AGGAGGAAAGAGUGGGAGAGGACCGAAAAAAAGAAAGAAAAGAAAAAAAACGGACCAAACCCAACAAACCACCACGGAAGCGAACGAGAAAAAGGAAAACCGAAGAAACGCGCAGAAAACCGGCCGGCAAAAAAGGGGAACCAAGCUAAGGAGGGAGAAAAAAAAGAAAACCCAACCGAAGCUAGGACCCAAGCGACGGA,.((.((.....(((((...((.(((.........................))).))...))).))...)).)).(((..(((..((.......((....)).......)))))......))).(((((.......(((..((..(((..((.(((...............)))..))..)))..)).)))..))..))).
