8,100,GCCCAAAGGGCA,((((...)))).
1,100,GCCCCAAAAAAGGGGC,(((((......)))))
15,86,GGCGGAAAAACCAAGGAAAAAAAAACCGCC,(((((.....))..((.........)))))
3,100,GCCCGCACGGGAAAACCCGGCGAGGCAAAAAAAAAA,((((((.((((....))))))).)))..........
11,100,CGCCCGACCGGGCCCAAAAGGGCCACGAGACGGGCG,((((((.((((((((....))))).)).).))))))
23,100,GCAAAAGCACCGAAAGG,((....)).((....))
10,100,AAAAAAAAAAGGGCAAAAGCCCCCCCAAAAGGGGCCCGAAACGGG,..........((((....))))((((....))))((((...))))
25,96,GCCGAAAACCCAAAAACCCAAAAAGCCAAAAAGGGAAAGAAAACCCAGGCAGGGGGGGAGGC,(((.....(((.....(((.....(((.....(((........))).))).))).))).)))
26,100,AACGCGCCCGAAAAACGAGGCGCGAA,..((((((((.....)).))))))..
20,100,CCGCGCCAGAGAGAGGCCCCCAAAAGGGGGCCCCCGGCGCGG,(((((((.(.(.(.(((((((....)))))))))))))))))
27,100,AAAAAGCGCGAGACAGGACACCGGCGCGCAAAAGCGCGCCGGGCCGCCGCGCAAAAA,.....(((((.(.(.((.(.(((((((((....))))))))))))))))))).....
30,100,ACCCCGGGCGCCAAAGGCGCAAAACCGGGGA,.(((((((((((...)))))....)))))).
24,98,AAAAAGGGGGCAGGCGGCAAAAAAAAGCCGCAACCGACGCACCGAGAAAAACUCGGAGGGCGGAAGCCCAGCGCGGAAGCCCACAAAAAAAAAAAAAAAAAAAG,.....(.((((..(((((........)))))..(((.(((.(((((.....))))).((((....)))).))))))..)))).)....................
13,100,GCGGGCGGCCCGCGUCGGCCGCCCGCAAAGCGGGCAAAAGGCCGACAAAAGCGGGCAAAACGCCCGC,((((((((((((((((((((((((((...))))))....)))))))....))))))....)))))))
33,91,AAGAAAAGAGAGGGAGAGGACCGCAAAAGGGGACCGCGCGCACAC,.......(.(.(.(.(.((.((.(....).)).)).).).).).)
14,100,AAAAAGCAAAGGAAAACCAAACCAAAAGGAAACCAAAAGGAAAGCAAAAGCAAAGCGAAAGCAAAGGAAAACCAAAGCAAAAAAAAAAAAAAAAAAAA,.....((...((....))...((....))...((....))...((....))...((....))...((....))...))....................
35,89,AUGCAGGCAAAGGCAGGGAAACCCAGAGGAAACUCAGCCAAAGCCAUCCAAAGGGAAGCGAAACGCAGGCAAAGGCGGGCAGGAGCCGGGGAAACCCAGCCAAAGCCAGCCAGGGGCAGCAAA,.(((.(((...(((.(((...))).(((....))).)))...(((.(((....))).(((...))).)))...(((.(((....))).(((...))).)))...))).(((...))).)))..
19,98,AAGAACCCGACCCUGAAAACAGGGGACCGAGGGAAAACCCCGGACCUCGCAAAAGCAGAGGACCCCGAAAACGGAGGCGGGAAAAAAAAAAAAAAAAAAGAAAA,.....((((.(((((....)).))).(((.(((....)))))).((((((....)).)))).(((((....))).)))))).......................
18,100,GGGCCUAAAAAGGGAAAAGGCGAGGCGGGAAAAAAAAAAAAACCCGCAAAAGCCAACCCAAAGGCCC,((((((.....(((....(((...(((((.............)))))....)))..)))..))))))
34,100,AAAAAGGCUAGGCCGAAAACGGCCACCCAAAAGGGAAGACCAAAACCGCAGGGAAAACCCACCCAAAAGGGAGCGGAAAAAAGAAAAAAAAAAAAA,.....((((.(((((....))))).(((....))).)).))....((((.(((....))).(((....))).))))....................
40,100,AACCGCUGGCAAAAAGCCACGGGAAAAACCCGGCGGAA,..((((((((.....))))((((.....))))))))..
41,88,GCAAAAGCAUGAAAACAAGCAAAAGCACCGAAAGG,((....)).((....)).((....)).((....))
17,96,AAAAAGCAAAACCAAAAGGAAAAUCAAAAGAAAAAGCGAAAGCAAAAGCAAAAGCAAAACCAAAAGGAAAAGGAAAACCAAAAGCAAAAAAAAAAAAAAAAAAAA,.....((....((....))....((....))....((....))....((....))....((....))....((....))....))....................
32,100,AAAAAAAAAAAGAAAAAAAAAAAAAAAAAGGGCAAAAAAGCGGAAGACGGGAGAGCGGGACCCCACACCAGAAAGGAUGAGGAGGAGCCAGCAAACCACGAAAAACCAGCAGAAAAGCACCA,.............................((((......((((....((((...((((..((((.((((.....)).)).)).))..)).))...)).)).....)).))......)).)).
21,100,AAAAAGGGGGGGCAAAAGCCCGCGCACAUGAAAACAUGCCCCCAAAAGGGGGAGCCCAGAAGGGCGCGCGCCCAAAAGGGCCCCCAAAAAAAAAAAAAAAAAAAA,.....((((((((....))))((((.((((....))))(((((....))))).((((....))))))))((((....))))))))....................
16,92,AAAAAAAAAAAACCAAAAGGGAACGAAAGCAAAAGCAACCAAACCAAAAGGAAAGGAAGCAAAAGCAAACGAACCAAAAGGAAAAAAAAAAAAAAAAAAAAAAAA,............((....))...((...((....))..((...((....))...))..((....))...))..((....))........................
45,100,AGCGCCCCCAAAAGGGGCCGGGAAAACCCGGGCGGCAAAAGCCGCGGCGAAAACGCCGCGCUA,(((((((((....))))(((((....)))))(((((....)))))((((....))))))))).
44,100,AAAAAGGCAGGGGGAAAACCACCCCGGACCAAAAGGCCGAGCCAAAAAAAAAAAAAAAAAAAA,.....(((.(((((....)).)))(((.((....))))).)))....................
47,100,GCCCAAAAAACCGGCAAAGCCAGCAAAAGCAAAAAAAAAGGAAAAAGGGC,((((......(((((...))).((....)).........)).....))))
46,96,AAGAAGGCCCUGCGACCAAAAGGUCCCUCAAAAGAGGGCAGGGGGCGCGAAAACGCGCGGCAGAAGCCGCCCCGGCCAAAAAAAAAAAAAAAAAAAA,.....((((((((((((....))))((((....))))))))((((((((....))))((((....))))))))))))....................
50,86,AAAAACCGAACCGGGAAAACCAAAACGGACCCAAAAGGGAUCAGGAAGAGCCGAGGGAAGACAAACCAGGGGAAACCCACGGAGCAAAAAAAAAAAGAAAAAAAA,.....((((.(((((....))....))).(((....))).)).))....((((.(((....)...)).(((....))).))..))....................
31,100,AAAAAGCGCACCCCCCAGGCACGGGUACGCGAGGGGACCAGAAGGAGGAGCACCAAAAAGGGCCCCCUCGGCCCCCGCGACCCGGCCGGGGGGGCGCAAAAA,.....((((.((((((.(((.(((((.((((.((((.((.((.((.((.((.((.....)))))))))))))))))))))))))))))))))))))).....
52,95,AGCAAAAAACCAAAAAAGGAAAAAACCAAAAAAGCAAAAAAGCAAAAAAGCAAAAAAGCAAAAAAGGAAAAAAGCAAAAA,.((......((......))......((......((......))......((......))......))......)).....
42,94,AAAAAAGGGAGCUCAAAGAGACGAAACGUCAGAGCAAAACGAAGGAGGGAAACCCAAAUCCGCACCCGAAGGGAAAUGCACGUAAAGUGAAAUCCGAAAGGAACACACCCUAAAAA,.....((((.((((.....((((...)))).))))...(((..((((((...)))...)))((((((...)))...))).)))...(((...(((....))).))).)))).....
57,66,GCAGAAGAGAAAGCAGAAAACACAACACAAAAGAGC,((.(..(.(....).(....).)..).(....).))
43,100,AAAAAGGCCCAAGCAACCGAGGCAAGCCAAGCGAGGAAACCAGCAGGCAGCCAGGGGCAGGGCCAAAAAAAAAAAAAAAAAAAAA,.....(((((..((..((..(((..(((..((..((...)).)).))).))).)).)).))))).....................
49,100,AGAAAGGGGGAAGACGCGUAGCCCAGGAAACCGGAGCACCCGGCGAAACGACCGGAAGGGAAACCCAAAGCGACAACGCCCAAGAAAAAAAAAAAUAAAAA,.....(((.(..(.(((((.((((.((...)))).))))((((((...)).))))..(((...)))...))).)..).)))....................
58,100,GGCCAACACAGGCAAAAGCCACGGAAAACCGAGUCAAAAGACAGCCAAAAGGCGUGCAAAAGCAAGGAAAAAUCCAGUGUAGCCCGAAAAGACGGGCGCGAAAACGCGGCC,((((.((((.(((....))).(((....))).(((....))).(((....))).(((....))).(((....))).)))).(((((......)))))(((....)))))))
61,88,AAAAAGCAGGACCAAAGGACCAAAGGAAACCGCAGCACCACGAAACGACGAAACGAAAGGGCAAAAA,.....((.((.((...)).((...))...)))).((.((.((...)).((...))...)))).....
54,100,GCCGGAGCCAAAAGGCUCGCUGCGAAAGCAGCCCCGCAAAAGCGGGCCCCCAAAAGGGGGGUGGCAAAAGCCACGCGGGAAAACCCGCCGGC,(((((((((....)))))(((((....)))))(((((....)))))(((((....)))))(((((....)))))(((((....)))))))))
62,92,AAGAGCAGGACCAAGGAAGCACCAAAGGAAGCACCAGGAACCAAGCAAAACUA,.((.((.((.((..((..((.((...))..)).)).))..))..))....)).
65,95,AGCGGCAAAAAAAAGGCCGAAAACGGCAACCGCAAAAAAA,.(((((........)((((....))))..)))).......
66,83,GGGAGCACCAACCGGAAACAGGAGGGAGCAAAACCA,.((.((.((..((.(...).)).))..))....)).
67,96,AAAAAAGAAAAAAAAAGCCCAAAAAGGGCAAAAAAAAACAAAAAAAAAAAAAAAAAAAAAA,......(.........((((.....)))).........)......................
55,100,AAAAAUGCCCGGAAGGAAACUUGCCAAAACGCCACGCGAAAAGCGACCUGCUAAAAAAAGCAAAAGGGGCGGGCCCGAGGCAAAAAAGAAAAAAAAAAAAAA,.....((((((((((....)))(((....((((.(((.....))).((((((......)))...))))))))))))).))))....................
59,97,AAAAACGGCGCAAGCCGGCGAAAACGCCGGCGUGCGCCCUCGGGGAAAGCCCCGAGGGCGCCGAAAAA,.....((((((.((((((((....))))))).)))((((((((((....)))))))))))))).....
64,91,GGAAAGCAAAACGAAAAAGGAAAAAAAAACCAAAAAAAAAAAAAAAAAAAAAAAAAAAAAGGGAAAAAAAAAGAAAAACCGGAAAAAAACGAAAAAAAGCGAAACCAAAA,((...((....((.....((.........((..............................))...............)).........)).......))....))....
71,95,AAAAGGAAGAGGGAAACCAAAAGUAAGGAAGGAAACCAACCGAAGACGAAAAAGGGAAAAAACCGAAAAAAAACCAAAAAGAAAAAAA,....((....((....((....((..((..((...))..))....))......)).......)).........)).............
37,94,AAAAACGACCAACAGUCACCGAAAACGGAGUAAAAACUGACAAAAAGCCCCCGAAAGGGGCCAAAAGGCAGGCUGAAGGACGAAAAAAAAAAGAAAAAGAAAA,.....((.((..(((((.(((....)))(((....)))))).....((((((....)))(((....))).)))))..)).)).....................
29,100,GAAAAGUCCGCAGGAGCCAAAAAUGGCAACUGCACGCAGACAAAGGAUGCGACGCCGACAACCCAAGAAGGGGAGAAGGCGGGACGAAAAAAAAAAAAAAAAAAA,.....((((((((..((((....))))..)))).((((..(...)..)))).((((..(..(((.....)))..)..))))))))....................
75,97,AAAAAAGGGAAAGAAGCCCAAGAAAACCCAAAAAAAAGGGAAAGCAAAAAGGGCAAAAAAACCCAAAAAAAAAAA,......(((......((((..(....(((........)))....).....)))).......)))...........
83,77,AAAAAGCGGAUCGAGGAAGACCCCAAAAGGACGAACCCGGCAAAAGCCGAAAACGAGGGAGGCGCCAAAAGGUGAGAACAAGCCAGCGGGGAAAACCGGAAAACCACGCGCCGCAAAAA,.....((((.(((.((....))((....)).))).(((.((....))((....)).))).(((.((....))((....)).))).(((.((....))((....)).))).)))).....
72,97,AACCCGGCCGAAAAAAACAGGCCGCAAAAGCGGCCAGCGCCGCAAAAGCGGCGCAGAAAAAAACGGCCGGGAA,..((((((((.......(.((((((....)))))).(((((((....))))))).).......))))))))..
