1,100,AAAGCGUGGCGUGCCCCCAACGCCAAAAAAGAAAAAGGCGAAGGGGGCACGCCACGCAAG,...(((((((((((((((..((((............))))..)))))))))))))))...
6,96,CACCCCAAAAAAAAACCGCGGGGGCAAAACGGAAAAACCGAGCCCCCGCGGAAAAAAAAAGGGGG,(.((((.........((((((((((....(((.....))).)))))))))).........)))))
3,100,GCAAACCCAACGGCGGGCCCCGCAAAAAAAAAAAAAAAAAAAAAAAGCGGGGCCCGCCGGAGGGAGGC,((...(((..(((((((((((((.......................)))))))))))))..)))..))
12,96,AAAAAAAACCCCCAGAAAAAAAGCCGGCAAAAAGCCGGCAAACUGGGGGAGGGCCAAAAAGGCCAC,........(((((((.......((((((.....))))))...))))))).(((((.....)))).)
8,100,AAAAAGGCGGCGCCGCGCGCCGUACCACGGAAAAAAAAAAAAAACCGGGAACGGCGCGCGGCGCCGCCAAAG,.....((((((((((((((((((.((.(((..............))))).))))))))))))))))))....
16,100,GCAAAACCGGGCGCAGAAGGGGCGCCCAAAAAAAAAAAAAAAGGGCGCCCCAACAGCGCCCGGAAAAUGC,(((...((((((((.(..(((((((((...............)))))))))..).))))))))....)))
5,100,AAAAAAAAAAGGGCAGGCUGACGGCGGAGAGCCCGAAAAAAAAAAAAAAACGGGCACCCGCCGACAGCCUGCCAAAAAAAAAAA,...........(((((((((.((((((.(.(((((...............))))).))))))).)))))))))...........
10,97,AGGGGAAAACAAAAAAAAGGGGGUGCAGGAAACCGCAAAAAAAAAAAAAAAGCGGAAACCAGCACCCCCAAAAAAAAGAAAACCCCA,.((((....(........((((((((.((...((((...............))))...)).))))))))........)....)))).
15,100,AAAAAAAAAAAAACCCGAAAAACGGGAAAAAAAGGGAAAAGCAAACGGACGCAAAAGCGACCGAAAGCAAACCCAAAA,.............((((.....)))).......(((....((...(((.(((....))).)))...))...)))....
4,100,AACGGGAGCCGCGGAAAGGAGAUCAAAGCAAAGGCGGGGAAAAAAAAAAAACCCCGCCAAGCAAAGAUCUCCAAACCGCGGCAACCCGAA,..((((.(((((((...(((((((...((...(((((((............)))))))..))...)))))))...)))))))..))))..
14,100,CGCGCGAGGCUCUCGCGGAAUCCGCAAAAGCCGGAAAAAAAAAAAACCGGCAAAAAAAGCGGAAACCGCGAGAGCCACGCGCG,((((((.(((((((((((..(((((....(((((............))))).......)))))..))))))))))).))))))
18,100,GCCCCCCAAGCGCAAAAAAGCGCAGACGCAAAAAAAGCGUCAAAAGGGACAAGAAAAGUCCCGGGGGGC,(((((((..((((......)))).(((((.......)))))....(((((.......))))))))))))
23,100,GCCGCGCAGCAAAGCUGCGCGGCAAAAAGCGGCGGGGCCGCAAAAAAAAAAAAAAAAAGCGGCCCCGCCGCAAAAAAAAAAA,((((((((((...)))))))))).....(((((((((((((.................)))))))))))))...........
24,95,AAAAAAAGCGAACCCGGCUAAAAAACCGCCGGGCCAAAAAGAAAAAAAAGGCCCGGCAAAAAGGAAGCCGGGGACGCAAAAAAAAA,.......(((..(((((((......((((((((((..............)))))))).....)).)))))))..))).........
2,100,AAAAAGCGCCCGGCGCCGCGCGGGCCAAAAGGCCCGCGCGGCGCCGGGCGCAAAAACGAGUGGGCGGCCGGCAGAAAAGCCGGCACGCCCACCGAAAAAAAAAAAAAA,.....(((((((((((((((((((((....))))))))))))))))))))).....((.(((((((((((((......)))))).)))))))))..............
26,94,GCGAGCCUACACAGGGGAAACACCCUGGAGGCUCGC,((((((((.(.((((((...).))))))))))))))
27,100,AAACCGGGGGGCGAAACGGCCACCGCAACGGGCCGGACAAAAAAAGCCGGCCCGAAGCGGUGGCCGAACGCCCCCCGGAAA,...((((((((((...((((((((((..((((((((.(.......)))))))))..))))))))))..))))))))))...
7,100,AAAGUCGGUGACGCGGCAAAAAAAAGCCGCGACACCAAAAGACAAAAAAAAAAAAAAACCCCCCCAAAGAGAACCGGAAAAGCCCAAAAAAAGGGCAAACCGGAACUCGGGGGGGAAAAAAA,...(((((((.((((((........)))))).))))....)))...............(((((((...(((..((((....((((.......))))...))))..)))))))))).......
28,100,AAAAUGGGGUCCAAGCCCCGCCAGCCAGCGCGGGCCAAAAAAAAAAAAAAAGGACCGCGCGGACGGGCGGGGCAAGGACCCCAAAAAA,....((((((((..((((((((.(((.((((((.((...............)).)))))))).).))))))))..)))))))).....
22,100,AAAAAAGCGGAAGCAGGGAAAACCCGGCAACCAAGCAGCGCCCCCCAAAAGGGGGAGCGCAAAAAAAAAAAAAAAAAAAAAAAACCUGGCCCGCAAAAGCAGGGCCAGGAA,......((((..((.(((....))).))..))..)).(((((((((....))))).))))........................((((((((((....)).))))))))..
13,100,AAAACCGCGCAACGGGAAAAAGGCAAAAAAAAGCCUAAAACCCGAAGCGCGGAAAAAAAAGAAAAAGAGCCCCGAAGGGCCAAAAGGGAAAAAAACCCAAAAUGGCCAAAAAGGGGCGCAAAAAAA,....((((((..((((....((((........))))....))))..))))))..............(.(((((....(((((...(((.......)))....))))).....))))).).......
11,96,GCCCGCCCGAGAAGGCCGCGCAAAACAAAGAGCGCGGCCAAAACACGGGCGGGCAAAAAAAAUCCGCAGCCCCAAAAAGCGGCCCGGCAAAAAAAAGCCGGGCCGCAAAAAAAGGGGCAGCGGAAAA,(((((((((.(..((((((((....(...).))))))))....).)))))))))........(((((.(((((.....((((((((((........)))))))))).......))))).)))))...
20,100,GCGUCGGCCGAAAAAAAAAAAACGGCCAAAAAAAAAAAAAGACGCAAAAAAAAAGGGCAAAAAAAAGGGGGGCAGGGAAGAAAACCCAGCCCCCCAAAAAAAAAGCCCAAAAAAG,((((((((((............))))).............))))).........((((........(((((((.(((.......))).))))))).........)))).......
19,100,GGCCGCGGCAGCGGAAAAAAAAAAACGCUGCCGCAAAAAAAAAGGCCAAAAAAAAAAAAACCGCGAAAAAAAACGCGGCUGCAAAAAAAAAGCAGCCGCGAAAACGCGGAAAAAAAAAAA,(((((((((((((............))))))))).........)))).............(((((........(((((((((.........)))))))))....)))))...........
34,100,AAAAAAAGCGGCCGCAAAAAAAGCGGCCGCAAAGGCCCGCGAAAAAAAACGCGGGCCAAAAAA,.......((((((((.......))))))))...((((((((........))))))))......
35,100,AAAAAGCGCCGGCAGCGCCGCCGAAAGCCCAAAAAAAAAAAAGGGCCGGCGGCGCAGCCGGCGC,.....((((((((.(((((((((...((((............))))))))))))).))))))))
37,100,AAAAAAAGCGAACGCCCUGCGCCCAAAAAAAAAAAAAAAAAAAAGGGCGCAGGGCGACGCAAAAAAAAA,.......(((..((((((((((((....................)))))))))))).))).........
21,100,CCCAGCAAACGAAAGGGCAACGGCCGGCCGGCCGGCCGCGGCGGCUCGCCCGGGGGGCCGAGAAACGGCCCCCCGGGCGAGCCGCCGCGGCCGGCCGGCCGGCCGAGCCCAAACGAAAGCAGGGA,(((.((...((...((((..((((((((((((((((((((((((((((((((((((((((.....)))))))))))))))))))))))))))))))))))))))).))))...))...)).))).
17,100,GGCCCCCGGAAAAAGAAAAUGCGCGGCCGAAAAAGCGGCCGCGCAAAAAACCGGGGGCAAAAAAAAACCGGGCCAAAAAGGGCGCGGGCCAAAAAAAAAGGCCCGCGCCCAAAAAAAAGGCCCGGAAAAAAA,.((((((((..........((((((((((......)))))))))).....)))))))).........(((((((.....(((((((((((.........)))))))))))........))))))).......
25,100,AAAAAAAAAAAAAAACCGGACGCGGCCGGGGCCCACCGCAACCGGAAAAAAAAACCGGGGCCAAAGGCCAAGCGGAGGGCCCCGGCCGCGACCGGAAGCGCGGCGCGCAGAAAGCGCGCCGCGAAAA,...............((((.((((((((((((((.((((..((((.........))))((((...))))..)))).)))))))))))))).))))...((((((((((.....))))))))))....
39,100,AAAAAAAGCGAAAAAAAGGAAAAAAAAGGCGGAAAACCGCCAAAAAAAAAGCGCCCCAAGGCAAAAAAAAAGCCAAAAAGGGGCGCAACGCAAA,.......(((.................(((((....))))).........(((((((..(((.........))).....)))))))..)))...
38,100,GGCAAAAAAAACGCAAGUGGUACUCCCGGGCGGCGCCGCUGGAAAAAAAAAAAAAAAACCAGCGGCGACCGCCCGGGAGAACCAGAGCGGCCAAAAA,(((........(((...((((.((((((((((((((((((((................))))))))).))))))))))).))))..)))))).....
32,100,AAAGCCCUGAAAAGGCCGCCCCCGGCGCGAAAACGGUAAAAAAAAAAAAAAACCGACGCGCCGGGAAAAAAGGCGGCCGAAACAGGGCAAAAAAAAAAAAAAAAAAAAA,...((((((....((((((((((((((((....((((..............)))).)))))))))......)))))))....)))))).....................
46,100,AAAAAAAAAAAAAGCACCACCGAAAAAAAACGGUGGAGCAAAAAA,.............((.((((((........)))))).))......
47,100,AAAAGCCCCCAGCCAGCAAAAAAAACGCGGAAAAAAAAGAACCGCGAAAAAGCAGGCUGGGGGCAAAAA,....((((((((((.((........(((((...........))))).....)).)))))))))).....
31,100,CGCGGAAAAAAAGGGGCCUCCAAAAAAAAAAAAAAAGGAGGCCCCAAAAAAAAUCCGCGAAAAAAAAAAGGCCAGAAGAGAAAAAAAAAGCGCGAAAAAAAAAACGCGCAAAAAAACUCAACGGCCAAAAAA,((((((......(((((((((...............)))))))))........))))))..........((((.(..(((.........(((((..........))))).......)))..)))))......
43,100,AAAAAAAACCCGCCCGCGGCAGAGACCGGCGCCGGGAACAGCGGGCCGAGAAGGAACCCGCGGACCCGGCGCCGGACUCAGCCGCGGGCGGGAAAAAAAAA,........((((((((((((.(((.(((((((((((..(.(((((((.....))..))))))..))))))))))).))).)))))))))))).........
33,100,AAGCCCCAAAAAAAAAAGCGGCAAAAAAAAAAAAAAAGCCGCAAAAAGAAAAAAGGGGCAAAAAAAAAAAACCGGGAAAAAAAAGCGGCCCAGCGAAAAAACGCAGGGCCGCGAAAAAUCCCGGAAAAAAA,..(((((..........(((((...............)))))............)))))............((((((.......(((((((.(((......))).)))))))......)))))).......
42,100,GGCCGAAAAAAAAAAAAAAAACGCCAAAAAAAAAAGCGGCCGCACAAGCGGGAGCCGGAAAGCCGGCACCCGCAAGUGCGGCCGCGGCGAAAAAGGCCAAAAAAAAAAAAA,((((.................((((..........((((((((((..(((((.(((((....))))).)))))..)))))))))))))).....)))).............
49,100,AAAAAAAAAAGGCGCCCCAAAAAAAAGGGGCGCCAAAAAAAAAAAAACGCGCCGAAAAAAAAGGCGCGA,..........((((((((........)))))))).............((((((.........)))))).
53,100,AAAAAAAAAAAAAAGCCGAGCCAAAAGGCACGGAAAAAAAAAAAAAAAAAAGCGCGCGGGAAAAACCCGCGCGCA,...............(((.(((....))).)))..................(((((((((.....))))))))).
40,100,AAGGCGCCAAAGGCCGGCGGCCCCAAAAAAAAGGGGCAACGCCGAAGCCGAAGGCGCCAGGGCAAAGCCCAAAAAAAAACGCGACCCCCGUGAUGCAAAAAGCAACACGGGGGCGCGAAAAAAAAAGAAAAA,..((((((...(((((((((((((........)))))..)))))..)))...)))))).((((...)))).........((((.((((((((.(((.....))).))))))))))))...............
44,100,GCCCGGGGGCUCAAAAAAAAAAAAAAAAAGAGCCCAAAAAAACCGGGCAAAAAAAAAAAACCUGCCGGCCAAAAAACGGCACCUCGCGCAAAAAAAGCGCGAGGUGCCGGGCCGGCAAGGAAAAAAA,((((((((((((.................)))))).......))))))............((((((((((......(((((((((((((.......)))))))))))))))))))).))).......
56,100,AAAAGGCCGCUGGAUAGGGCACCGAAGCCAAAAAAAAAAAAAAAAAGGCCGGGCCCUAACCAGCGGCCAAAAGA,....(((((((((.((((((.(((..(((.................)))))))))))).)))))))))......
41,98,AAAAGCGAGCGGCGGCCAGCCCCGGCGGCUGCCAAAAAAAAAAAAAAAAACGCCGCCGCGGGAAAAAAAAAAACCCGCGGCGGCGAAAAAAAAAAAAAAAAAGGCAGCCGCCGGGGCUGGCCGCCGCUCGC,....(((((((((((((((((((((((((((((.................((((((((((((...........)))))))))))).................)))))))))))))))))))))))))))))
45,100,AGGCGGCCGCGAAAAAAAACUCGGCCGCAAAAAAAGCGGCACGAGAAAACGCGGCCGCCAAAAGAAAAAGCGGCGAAAAAAAAAAAAACGCCAAAAAAAAGGCGAAAAAAAAAAAAAACGCCGCAAAAAG,.((((((((((........(((((((((.......))))).))))....))))))))))..........((((((.............((((........))))..............))))))......
59,100,AGCGCUGGGGGCCCAACAAAAAAACCCGCAGGGGCGGCAAAAAAAAAAAAAGCCGCCCCGCGGGAAAAAAGUAGGGCCCCCAGCGCA,.(((((((((((((.((.......(((((.((((((((.............)))))))))))))......)).))))))))))))).
50,98,GCCCGGGGCGAACCGAACAUAAAAAAAAAAAAAGAUCGGAAGCCCCGGGCAAAAAAUGCAGACAAAAAACCCCGCGACGCAGGAAAACCGCGACGCGGGGAAAAAAAAGUCUGGAAAAAGA,(((((((((...((((.(.(..........)..).))))..)))))))))......(.(((((......(((((((.(((.((....))))).)))))))........))))).)......
58,100,AAAAAAAAAAAAAAGGCCGCGCAAAGCCACCGAAGAAAACGGUGGCAAAAAAAAGCCCGACAAAAAAAGUCGGGCAAGCGCGGCCAAAAAAGAAAAAAA,..............((((((((...(((((((.......)))))))........(((((((.......)))))))..))))))))..............
48,97,GCCCACGGCAAAGCCAAAAAAGGCCGCAAGAAGAAAAAAGCGGCCGGCUAGGCCGAGGGCAAAAAAAAAAAAGGGCGACGAAACUGGGACCGCCCGGAAAACCAGGGCGAAGUCCCAAGAGCGGAGCCCAAAAA,((((.((((..((((......((((((............))))))))))..)))).))))............((((..((...((((((((((((((....)).)))))..))))).))..))..)))).....
63,100,GAAAAAAAAAAAAGCCGACGGCCAAAAAAGGCCGUCGGCAAAAAAAAAAA,.............((((((((((......))))))))))...........
51,98,AAGCGGACCUCCAAAAAACGCCGGCAAAAAGGAAAACCUAAGCCGGCGAAAAGGAGGAACCGAAAAAAAAAAACGGGCAAAAAGGCACGCACCGAAAAAAAAACGGUGCGAGCCAUAAAAGCCCGAAAAAAA,...(((.(((((......(((((((....(((....)))..)))))))....)))))..)))...........(((((...(.(((.(((((((.........))))))).))).)....))))).......
61,100,AAAAAAAAGCGCCAAAGCGCCCGAAAGCAAAAGGGGAAAAAAAAAAAAAAAAAACCCCAAGGGCAACGAGGCGCAAAGGCGCAAA,........(((((...(((((((...((....((((..................))))....))..)).)))))...)))))...
57,100,AAAUCCGCGGGCGCCGCCCGGGAAAAAAAAGCCCCGCGGGAAAAAAAAAACCGCGGGGCAAAGGCCCAAAAAAAAAAAAAAAAAUGGGCCACCCGGGCGGCGCCCGCGGAAAA,...(((((((((((((((((((........(((((((((...........)))))))))...((((((................)))))).)))))))))))))))))))...
30,98,AAACCGCGCCGAACGCCAAGCGACGGCGGAAAAUCCGCCGUGGCGAAAAGGCGAACGGCGAGGAAAAAAAAAAAAAAAAAAAAAACCCCCCCCCAAAGAAAAAAAUAUAGCGGAAAAAAAAAAAAAACCGCAAAAAAAAAAAAAGAAAAGGGGGGGGGAAAAGA,...((.(((((..((((..((.((((((((...)))))))).)).....))))..))))).))......................(((((((((...........(.(.((((..............)))).).)..............)))))))))......
52,100,AUCCCGCGCAAAGGGCUAAACCCCAGGAAAGAAACCUGGGGAAAGCCAAAAGCGCGGGAAAAAAAAGGGGGCCCCGCAGGAAAAGUAGCCGACCAAAAAAAAAAAGGACGGCAUACAACCAGCGGGGACCCCCAGAAA,.((((((((....((((...(((((((.......)))))))..))))....)))))))).......(((((((((((.((....(((((((.((...........)).)))).)))..)).)))))).))))).....
36,98,AAGCGCGCAAAAAACCGGAGCCCGACGCGACGUGCGGGCCAAAAAAGGCCCGAAACGUCGCAAAAGUCGGGCACCGGAAAAGCGCGCAAAAAAAAAAAAAGAGCCAAAAAAAAAAAAAAAAACGGGGGAAAGCCCCCGGGGCGCCAAAAGGCGCCCGGCAAAAAA,..((((((......((((.((((((((((((((.((((((......)))))).).))))))....))))))).))))....))))))...............(((.................((((((....))))))(((((((....))))))))))......
60,100,AAAAAGCCGGGAAAGGGGCGAAAAAAGCCCCAUCCCAAAAGGCGCCCCGCUAGAAAAAAAAGCGGGGCAAAAAAAAAAAAAAAAAAAAAGCCGGCAACCCCCCCGAAAAAACGGGGGGGUUGCCGGCAAA,.....(((((((..(((((.......))))).))))....)))((((((((.........)))))))).....................((((((((((((((((......))))))))))))))))...
54,100,GGGUGGAAAAUAAACAGCGCCUGGUAAGAAAGAAAACCAGGCAAGCUGAAAAAAAACCACCAAAAAAAAAAAAAAAAAAAGGCAACCAACGAAAAAGGCUCAGGGAAAAACCGAGCCAAGCGUAGGGGCCAAAAAAAA,.(((((........(((((((((((..........)))))))..))))........)))))...................(((..((.(((.....(((((.((......)))))))...))).)).)))........
62,98,CCGCCGACGAAAAGCGCCCCGACCGCAAAAAAGGCGGCGGGGCGCAAACGUCGGCGGAAAAAAAAACAGGCCGCGAAAAAAAAAAGGGUGCGCGCAAAAAAAAGAAGCGCGACACCCAAAAAACGCGGCCGAAA,(((((((((....((((((((.((((.......))))))))))))...))))))))).........(.(((((((..........((((((((((...........))))).)))))......))))))))...
9,99,AAGACGAAAAAAAAACGCCUGGCGGAAAAAAAAAAAACCGCCAAGGCGAAAAAAAGAACGUCAAAAAAAAAGCCCUCCGCGCUCGAGGACGAAAAAAAAAAAAAAACGUCCUCGAAGCGCGGAGGGCAAAAAGCGGAACCCCUAAAAAAGCCCGAAGAGGGGCAAAGCCCCCAACGGGCAAAAAGGGGACCGCAAAAAAA,..((((.........((((((((((............)))))).))))..........)))).........((((((((((((((((((((...............)))))))).)))))))))))).....((((..(((((......(((((..(.(((((...))))))..)))))....))))).)))).......
29,100,GCCCGCACCACCAAGCCCGGCCCCCAAAAAAGGGGGACCGGGCAAAGGGGUGCGGGCAAAAAAGCGGCCGCGCAAAAACGCUGGGCGCGACUGACCGGAAAAACCGGCAGACGCGCCCAGCGAGCGCGGCCGACCGGCGCCAAAAAAAAAGGGACAGGCGCGAAAAAGCGCCUGACCCGAAAAAGGCGCCGGAAAAA,(((((((((.((..(((((((((((......))))).))))))...))))))))))).......(((((((((.....(((((((((((.(((.((((.....))))))).))))))))))).))))))))).((((((((.........(((.(((((((......))))))).)))......)))))))).....
