10,97,AAGGGCGCGCAGCACGAAAACGUGCAAAGCGCGCCCAAGGCCAGCAAAAAAGAAAAAAAAAAGCAAGGGCCAA,..((((((((.(((((....)))))...))))))))..((((.((.................))..)).))..
2,100,GGCGGGCAAGGGCAAAAAAAAAGCCCACCCGCAAAAAAAGCGGGAAAAAGCCGCAAAAAAAGCGGCGCCCGCCA,(((((((..((((.........)))).(((((.......))))).....(((((.......)))))))))))).
12,100,GGCCCCAGCGCGGGCAAGCCGCGGGCUGAACCCGAAACGGGAAAAAAAAAAACAGCCCGCGGCUUGCCCGCGCGGGGCC,((((((.(((((((((((((((((((((..((((...))))...........)))))))))))))))))))))))))))
19,100,ACCCCCCAGCCGCAAAGCGGCAAAAAAAGCGGAAAAAAAACCGCAAAGGGGGGA,.((((((.(((((...))))).......((((........))))...)))))).
6,100,GCCCGAAAAAACGGAGCAAAAAAAAAAAAAAAAAAAAAAAAAAAAAAAAAAAAAAAAAAAAAAAAAAAAAAAAAAAAAAAAAAAAAAAAAAAAAAAAAAAAA,(((((......))).)).....................................................................................
24,95,CGCUCCCGAGGAAUUGGCCCCGAAACGGGGGAAAAACCGCCGAAAAAAAAAGGGGCCAAAAAAACCCGGGAGCGAAAAAAAAA,((((((((.((..((((((((....(((.((.....)).))).........))))))...))..)))))))))).........
23,100,AGGUGGAAAGACGGGAGCGUAAAAAAAGCCAAAAAAAAAAAGAAAAAAAAAAUGCAAAAAAGCAUGGCAAAACGCCCCGAAAAACCACC,.(((((.....((((.((((.......((((.....................(((......)))))))...)))))))).....)))))
16,97,CCCUCUAGAAAAAGGAACGGGGAGCGAACGGCCAGAAAAAAUGAAGCCGGACGAAAACCCGUAACCCGGAGGGAGGGUAAAAGCAAAAGCAAAAGACGCACCACCGGUCUAGAGGGG,(((((((((....((.(((((...((..((((((.......))..))))..))....)))))..))(((.((..(.((....((....)).....)).).)).))).))))))))).
13,100,GAAAAAAAGCGCGGGACCAGAAGACGGGGCCAAAGGCCCCAAAAGUCUUCGGUCCAGCGCAAAAAAAGAAGCGGGCAAAAGCCCGCGCGGCCGGCCAAAAGGCCGGCCGCAAAAAAAA,........((((.(((((.((((((((((((...))))))....))))))))))).))))..........((((((....))))))((((((((((....))))))))))........
25,100,AAAGGGCCAGAAAAACUGGCCCAAACGCGUAGACGCCGGAAAAACCGGCGUCAACAGCGAGGGCCCGACGAAAAACGGCGGGCCCAA,...(((((((.....)))))))...(((((.((((((((.....)))))))).)).))).(((((((.((.....)).)))))))..
5,96,GGCGGCCCGAAAAAAAAAAAAAAAAAAAAAAAAAAAAAAAAAAAAAAAAAAAAAAAAAAGAGCGCGCCCAAAAAAAAAAAAGGGCGCGCAAAAAAAAAAAAAAAAAAAAAAAAAAAAAAACGGGCCGCC,(((((((((....................................................((((((((............))))))))...............................)))))))))
18,98,AAGGGCGAUCCGGUCGGUCAAAAAAAAAAGCCCGCCGAAAGAAAAAAACGGCGGGCAAAGACCGACCGGAAAAAAAAGCCCAAAAAAAAAAAAAAAAACAGGCGCCAAAAAAGGCGCCG,..((((..(((((((((((..........((((((((...........))))))))...))))))))))).......)))).................(.((((((......)))))))
20,100,AAAAAGAAAAAAAAAAGGACGGCCAGGGAAAAAAAAAAAAAAAACCCGGCCGAACCAAAAGGGCAAAAAAAAAAAGCCCAAAAAGCGACCCCGCCGCCAAAGGACGGCGAGGGACGCAAAAAAAAAAAGCGCAAAAGCGC,................((.(((((.(((................))))))))..))....((((...........)))).....(((.((((((((((...)).))))).))).)))...........((((....))))
17,100,AAAGAAAAAAAAAAAAAAAAAAAAAAAAAAAAAAAAAAAACCCGGCCAAAAAAGGCCAAAAAAAGCGAAAACGGAAAACGGAGAAGAGCGCAAAAAAGGGAAAAUGCAAAGCAGGGCCCGCCAAAAAGGCGGAAGCCCAGAAAAAAAAAAA,........................................(((((((......)))).......(((....((.....))........)))......)))....(((...)))(((((((((.....)))))..)))).............
11,98,AAAAGAAAAAGUCGCGGCGGGAGUCGAGAAAAAAAAAUCGACCCCGCCCCUAAAAAACCGAGGAAAAAAAAAACCAACGGGAAAAGAGGACGCACAAGCAAAUAGCAUGAAGCGAGCGGAAAAAAAAAAAAAAAGCCAUAGCGGCAAAAGCCGCGAUGGCA,...........((((((((((.(((((..........)))))))))))(((......(((.((..........))..)).).....))).(((.((.((.....)).))..))).))))...............(((((.(((((....))))).))))).
15,97,AAGGGUGGAAAAAGAAAACCACCAAAAAAGAGACCGCGCAAAGAAGCGCGGUCGAGCGAAAAAAACGCUCAAAAAAAGAAAAACCAGCAACCCGGAACCAAGCAAGACGAGGCCGAAAAAGACGGCCGCGUCUAAAGCAAAAGGCCGGGGCUGG,...(((((..........)))))........((((((((......))))))))(((((.......))))).............(((((..(((((..((..((.(((((.(((((.......))))).)))))...))....))))))))))))
26,100,AAAAAAAAUGCGAAGCAAGACCCGGGAAUCCCGGGCAAAAGCCCGGGACCCGGGGCCGCAAAAAAAAAAAAAAAAAAAAAAAAAAAAAAAAAAAGGCCGGCAAAAAGCCGGCCAGAUGGCAAAGCCAUCAAAAAAAAAAAAAAAAAAA,........((((..((....((((((..((((((((....))))))))))))))))))))..................................(((((((.....))))))).((((((...))))))...................
8,100,AAUUCCGCCGGGGCGACGGAAAAAAAAAAAAGGGCCAGGCGGGGAAAGAAAAAGAAAAAGGAACGGCCAAACCGCCGGAAAAAGCAAACGCCGAAAAAACGGCGAAGCAAAACCGGCGGAAGGCCGAUCCAAAAAAAAAAAAAACCCGCCGGGCCAAAAAAAAGAACCGCGCCCCGGCGGAAAAA,..(((((((((((((.(((.............((((.((((((................(((.(((((...(((((((.....((...(((((......)))))..))....)))))))..))))).)))..............)))))).))))...........))))))))))))))))...
9,100,AAAAAACCGGGCGCAAAAGCGCGCGGAAAAAAAAAAAAAAAAAAAAAAGGCGCAAAAAAAAGCGCCUAGGGGCGGAAGCCGCCCCAAAAAAAAAAAAAAAAAGAAAAAAAAAACGCCCGCCAAAAGGCGAAAACGCCAGGCGGGCGGGCGGGGCACGCCCCAAAAAAAAAAAGGGGCGAAGCCCCGAAAAAAA,......(((.((((....)))).))).....................((((((........)))))).(((((((...)))))))............................((((((((....((((....)))).))))))))..((((((.((((((...........))))))..)))))).......
